{"Polarity": 0.2831676136363636, "Subjectivity": 0.6318181818181817, "Stars": "1,5"}