{"Polarity": 0.012210648148148139, "Subjectivity": 0.712962962962963}